"2024-05-11T23:15:01Z";"CREATE_CHEST";"{"chest":{"location":{"world":"world","x":117.0,"y":69.0,"z":-120.0},"createdAt":1715469301845,"expireAt":1715469901845,"owner":{"name":"ShadowBlack_01","op":false,"id":"b3c379a2-cad4-3b4e-a991-8335ec21452c","entity-id":21,"location":{"world":"world","x":117.35020912633075,"y":69.0,"z":-119.53035075165788,"yaw":-9.593521,"pitch":9.479913}},"isProtected":false,"inventory":{"type":"CHEST","size":9,"content":[{"v":3700,"type":"DIRT","amount":9},{"v":3700,"type":"PORKCHOP","amount":2},{"v":3700,"type":"BEEF","amount":2}]}}}"
"2024-05-11T23:15:22Z";"DESTROY_CHEST";"{"chest":{"location":{"world":"world","x":117.0,"y":69.0,"z":-120.0},"createdAt":1715469301845,"expireAt":1715469901845,"owner":{"name":"ShadowBlack_01","op":false,"id":"b3c379a2-cad4-3b4e-a991-8335ec21452c","entity-id":21,"location":{"world":"world","x":115.16434632995289,"y":69.0,"z":-118.73431686627731,"yaw":-107.26507,"pitch":24.248926}},"isProtected":false,"inventory":{"type":"CHEST","size":9,"content":[]}},"reason":"THIEF","extra":{"player":{"name":"Kevinzon_","op":true,"id":"bdd5764e-5de5-37c4-8918-06540a1aaa3b","entity-id":642,"location":{"world":"world","x":117.29063195251136,"y":69.0,"z":-122.65390244226319,"yaw":2.9901123,"pitch":19.671097}}}}"
"2024-05-11T23:15:22Z";"DESTROY_CHEST";"{"chest":{"location":{"world":"world","x":117.0,"y":69.0,"z":-120.0},"createdAt":1715469301845,"expireAt":1715469901845,"owner":{"name":"ShadowBlack_01","op":false,"id":"b3c379a2-cad4-3b4e-a991-8335ec21452c","entity-id":21,"location":{"world":"world","x":115.16434632995289,"y":69.0,"z":-118.73431686627731,"yaw":-107.26507,"pitch":24.248926}},"isProtected":false,"inventory":{"type":"CHEST","size":9,"content":[]}},"reason":"PLAYER","extra":{"player":{"name":"ShadowBlack_01","op":false,"id":"b3c379a2-cad4-3b4e-a991-8335ec21452c","entity-id":21,"location":{"world":"world","x":115.16434632995289,"y":69.0,"z":-118.73431686627731,"yaw":-107.26507,"pitch":24.248926}}}}"
"2024-05-11T23:16:35Z";"CREATE_CHEST";"{"chest":{"location":{"world":"world","x":105.0,"y":73.0,"z":-115.0},"createdAt":1715469395751,"expireAt":1715469995751,"owner":{"name":"ShadowBlack_01","op":false,"id":"b3c379a2-cad4-3b4e-a991-8335ec21452c","entity-id":21,"location":{"world":"world","x":105.23636473414508,"y":75.24918707874468,"z":-115.91648728226386,"yaw":-94.57947,"pitch":68.79665}},"isProtected":false,"inventory":{"type":"CHEST","size":9,"content":[{"v":3700,"type":"BEEF"}]}}}"
"2024-05-11T23:16:50Z";"DESTROY_CHEST";"{"chest":{"location":{"world":"world","x":105.0,"y":73.0,"z":-115.0},"createdAt":1715469395751,"expireAt":1715469995751,"owner":{"name":"ShadowBlack_01","op":false,"id":"b3c379a2-cad4-3b4e-a991-8335ec21452c","entity-id":21,"location":{"world":"world","x":105.92148645110733,"y":72.0,"z":-115.90339888895127,"yaw":16.614054,"pitch":-6.8182564}},"isProtected":false,"inventory":{"type":"CHEST","size":9,"content":[]}},"reason":"PLAYER","extra":{"player":{"name":"ShadowBlack_01","op":false,"id":"b3c379a2-cad4-3b4e-a991-8335ec21452c","entity-id":21,"location":{"world":"world","x":105.92148645110733,"y":72.0,"z":-115.90339888895127,"yaw":16.614054,"pitch":-6.8182564}}}}"
"2024-05-11T23:29:15Z";"CREATE_CHEST";"{"chest":{"location":{"world":"world","x":121.0,"y":76.0,"z":-93.0},"createdAt":1715470155263,"expireAt":1715470755263,"owner":{"name":"ShadowBlack_01","op":false,"id":"b3c379a2-cad4-3b4e-a991-8335ec21452c","entity-id":21,"location":{"world":"world","x":113.90069337731111,"y":69.0,"z":-94.7592370864251,"yaw":103.98877,"pitch":90.0}},"isProtected":false,"inventory":{"type":"CHEST","size":9,"content":[{"v":3700,"type":"SWEET_BERRIES","amount":23}]}}}"
"2024-05-11T23:29:37Z";"DESTROY_CHEST";"{"chest":{"location":{"world":"world","x":121.0,"y":76.0,"z":-93.0},"createdAt":1715470155263,"expireAt":1715470755263,"owner":{"name":"ShadowBlack_01","op":false,"id":"b3c379a2-cad4-3b4e-a991-8335ec21452c","entity-id":21,"location":{"world":"world","x":123.30000001192093,"y":76.0,"z":-92.11509370619146,"yaw":92.659546,"pitch":22.293941}},"isProtected":false,"inventory":{"type":"CHEST","size":9,"content":[]}},"reason":"PLAYER","extra":{"player":{"name":"ShadowBlack_01","op":false,"id":"b3c379a2-cad4-3b4e-a991-8335ec21452c","entity-id":21,"location":{"world":"world","x":123.30000001192093,"y":76.0,"z":-92.11509370619146,"yaw":92.659546,"pitch":22.293941}}}}"
