{"stats":{"minecraft:used":{"minecraft:dirt":26,"minecraft:beef":1,"minecraft:sweet_berries":10,"minecraft:porkchop":4},"minecraft:custom":{"minecraft:time_since_rest":688,"minecraft:sprint_one_cm":55136,"minecraft:damage_taken":3180,"minecraft:walk_one_cm":51171,"minecraft:mob_kills":4,"minecraft:drop":6,"minecraft:damage_dealt":543,"minecraft:swim_one_cm":1417,"minecraft:fly_one_cm":93664,"minecraft:crouch_one_cm":1238,"minecraft:play_time":29893,"minecraft:deaths":11,"minecraft:sneak_time":729,"minecraft:walk_under_water_one_cm":603,"minecraft:jump":742,"minecraft:leave_game":1,"minecraft:walk_on_water_one_cm":1111,"minecraft:time_since_death":654,"minecraft:total_world_time":29893,"minecraft:fall_one_cm":29644},"minecraft:killed":{"minecraft:pig":2,"minecraft:cow":2},"minecraft:dropped":{"minecraft:wheat_seeds":3,"minecraft:leather":2,"minecraft:spruce_sapling":2},"minecraft:killed_by":{"minecraft:player":10},"minecraft:picked_up":{"minecraft:pumpkin":2,"minecraft:sweet_berries":35,"minecraft:leather":2,"minecraft:porkchop":4,"minecraft:stripped_spruce_wood":1,"minecraft:stripped_spruce_log":1,"minecraft:spruce_sapling":2,"minecraft:dirt":26,"minecraft:wheat_seeds":3,"minecraft:spruce_wood":1,"minecraft:beef":2},"minecraft:mined":{"minecraft:large_fern":6,"minecraft:sweet_berry_bush":15,"minecraft:pumpkin":3,"minecraft:short_grass":5,"minecraft:grass_block":9,"minecraft:dirt":17,"minecraft:spruce_leaves":18,"minecraft:fern":16}},"DataVersion":3700}