{"stats":{"minecraft:used":{"minecraft:netherite_sword":24,"minecraft:dirt":21},"minecraft:custom":{"minecraft:time_since_rest":29122,"minecraft:crouch_one_cm":724,"minecraft:play_time":29122,"minecraft:sprint_one_cm":15988,"minecraft:damage_taken":153,"minecraft:walk_one_cm":38028,"minecraft:sneak_time":401,"minecraft:walk_under_water_one_cm":28,"minecraft:drop":3,"minecraft:jump":285,"minecraft:damage_dealt":2066,"minecraft:leave_game":6,"minecraft:walk_on_water_one_cm":134,"minecraft:time_since_death":29122,"minecraft:total_world_time":29122,"minecraft:swim_one_cm":261,"minecraft:fall_one_cm":1582,"minecraft:fly_one_cm":121783,"minecraft:player_kills":10},"minecraft:dropped":{"minecraft:stripped_spruce_log":1,"minecraft:stripped_spruce_wood":1,"minecraft:spruce_wood":1},"minecraft:picked_up":{"minecraft:spruce_wood":1,"minecraft:stripped_spruce_log":1,"minecraft:dirt":3},"minecraft:mined":{"minecraft:short_grass":1,"minecraft:grass_block":3,"minecraft:birch_leaves":1}},"DataVersion":3700}