{"stats":{"minecraft:used":{"minecraft:dirt":1,"minecraft:written_book":1},"minecraft:picked_up":{"minecraft:dirt":1},"minecraft:custom":{"minecraft:jump":117,"minecraft:time_since_rest":45922,"minecraft:damage_taken":350,"minecraft:leave_game":3,"minecraft:crouch_one_cm":704,"minecraft:sprint_one_cm":2803,"minecraft:play_time":47535,"minecraft:walk_one_cm":8524,"minecraft:time_since_death":45891,"minecraft:deaths":1,"minecraft:sneak_time":171,"minecraft:total_world_time":47535,"minecraft:fall_one_cm":8646,"minecraft:fly_one_cm":8297},"minecraft:mined":{"minecraft:podzol":1,"minecraft:spruce_leaves":1}},"DataVersion":3700}